case_id,tier,question_type,status,query,recall_at_5,precision_at_5,mrr,answer_correctness,faithfulness,answer_relevancy,negative_rejection,latency_ms,error
,,,,,1.0,0.2,0.5,,,,,,
,,,,,1.0,0.2,1.0,,,,,,
,,,,,0.0,0.0,0.0,,,,,,
,,,,,0.0,0.0,0.0,,,,,,
,,,,,0.0,0.0,0.0,,,,,,
,,,,,0.0,0.0,0.0,,,,,,
,,,,,0.0,0.0,0.0,,,,,,
,,,,,0.0,0.0,0.0,,,,,,
,,,,,0.0,0.0,0.0,,,,,,
,,,,,0.5,0.2,0.5,,,,,,
,,,,,0.0,0.0,0.0,,,,,,
,,,,,0.0,0.0,0.0,,,,,,
,,,,,0.0,0.0,0.0,,,,,,
,,,,,0.0,0.0,0.0,,,,,,
,,,,,0.0,0.0,0.0,,,,,,
,,,,,0.0,0.0,0.0,,,,,,
,,,,,0.0,0.0,0.0,,,,,,
,,,,,0.0,0.0,0.0,,,,,,
