arm,query,question_type,chunk_ids,related_docs,difficulty,test_type,response,errors,faithfulness,answer_relevancy,context_precision,context_recall,answer_correctness,context_entity_recall,hit_rate,mrr,ndcg,multi_hop_hit,negative_rejection,composite_score,retrieval_latency_ms,generation_latency_ms
standard,产品管理人与产品托管人对会计处理方法存在分歧时，应以哪一方的处理方法为准？,single_hop,2dfec4707d64d9215e4fa283956c45dd75dd3677c0e321c31cf7cfa1d42862f4,北银理财春系列高远日日盈1号理财产品YJ01250701H产品说明书.pdf,medium,standard,产品管理人与产品托管人对会计处理方法存在分歧时，应以**产品管理人**的处理方法为准 [1]。,[],1.0,0.9894,1.0,1.0,,0.0,1.0,1.0,2.1309,,,0.9977,29160.1788,11617.1403
standard,北银理财春系列高远日日盈1号理财产品H类份额的投资起点是多少？,single_hop,24073d25545c517b4b64a866e895e6ceaab3f4a3127af8533a18ddd7e83292f5,北银理财春系列高远日日盈1号理财产品YJ01250701H产品说明书.pdf,medium,standard,北银理财春系列高远日日盈1号理财产品H类份额的投资起点为 **1.00元**，并以 **0.01元** 为单位递增 [4][5]。,[],1.0,0.9615,0.325,1.0,,0.3333,1.0,1.0,2.9485,,,0.8953,2453.0533,3865.9332
standard,境内交易型开放式指数基金（ETF）在估值时采用什么价格？,single_hop,34aa7e92d744cc7b79064b7723a83eee836f9fa0d2970c4674f2807686e319d6,广银理财幸福添利安享封闭式固定收益类公募理财产品第141号-产品说明书.pdf,medium,standard,境内交易型开放式指数基金（ETF）在估值时，按所投资 ETF 基金估值日的**收盘价**确定公允价值 [1][2]。,[],1.0,0.9106,1.0,1.0,,0.0,1.0,0.5,0.6309,,,0.9808,2458.39,3937.9778
standard,我国制定《反洗钱特别预防措施管理办法》的立法目的是什么？其直接法律依据包括哪些法律？,multi_hop,3d64135dd7aab60d36a72c50807fbf8465af4292d783aadfd757335ffd8502e7;1a8650c0e5b80214f11cde71d1d99a6d7b01fc4fd6cde0e1b25518cbca5dfe89,"反洗钱特别预防措施管理办法.pdf, 银行保险机构数据安全管理办法.pdf",medium,standard,"我国制定《反洗钱特别预防措施管理办法》的立法目的是：**预防洗钱、恐怖融资及大规模杀伤性武器扩散融资活动，规范反洗钱特别预防措施** [2]。

其直接法律依据包括：

- 《中华人民共和国反洗钱法》
- 《中华人民共和国反恐怖主义法》
- 《中华人民共和国对外关系法》
- 其他相关法律 [2]",[],1.0,0.9778,0.5,1.0,,1.0,1.0,1.0,1.8078,0.0,,0.9238,2440.0557,6279.1181
standard,理财产品终止时，除因理财产品预计到期日届至且未延期、理财产品延期期限届至且未再次延期两种情形外，理财产品管理人应提前多少个工作日通知投资者？,single_hop,5816f01462522fc70f2efc29d42de812208dcc3b58ed76ecbdd45c1d50dda6e7,广银理财幸福添利安享封闭式固定收益类公募理财产品第141号-产品说明书.pdf,medium,standard,理财产品管理人应提前 **2 个工作日** 通知投资者，并披露理财产品终止之日。[2],[],1.0,0.8374,0.5,1.0,,,1.0,1.0,2.0178,,,0.8937,2596.5253,4001.7749
agentic,产品管理人与产品托管人对会计处理方法存在分歧时，应以哪一方的处理方法为准？,single_hop,2dfec4707d64d9215e4fa283956c45dd75dd3677c0e321c31cf7cfa1d42862f4,北银理财春系列高远日日盈1号理财产品YJ01250701H产品说明书.pdf,medium,standard,产品管理人与产品托管人对会计处理方法存在分歧时，应以**产品管理人**的处理方法为准 [1]。,[],1.0,0.986,0.9167,1.0,,0.0,1.0,1.0,2.0178,,,0.9851,31974.6197,4206.1406
agentic,北银理财春系列高远日日盈1号理财产品H类份额的投资起点是多少？,single_hop,24073d25545c517b4b64a866e895e6ceaab3f4a3127af8533a18ddd7e83292f5,北银理财春系列高远日日盈1号理财产品YJ01250701H产品说明书.pdf,medium,standard,北银理财春系列高远日日盈1号理财产品H类份额的投资起点为 **1.00元**，并以 **0.01元** 为单位递增 [5][9]。,[],1.0,1.0,0.2111,1.0,,0.3333,1.0,1.0,2.9485,,,0.8873,8519.2938,4995.3297
agentic,境内交易型开放式指数基金（ETF）在估值时采用什么价格？,single_hop,34aa7e92d744cc7b79064b7723a83eee836f9fa0d2970c4674f2807686e319d6,广银理财幸福添利安享封闭式固定收益类公募理财产品第141号-产品说明书.pdf,medium,standard,境内交易型开放式指数基金（ETF）在估值时，按所投资 ETF 基金估值日的**收盘价**确定公允价值 [1][2]。,[],1.0,0.9106,1.0,1.0,,0.0,1.0,1.0,1.0,,,0.9808,8764.9945,10762.6698
agentic,我国制定《反洗钱特别预防措施管理办法》的立法目的是什么？其直接法律依据包括哪些法律？,multi_hop,3d64135dd7aab60d36a72c50807fbf8465af4292d783aadfd757335ffd8502e7;1a8650c0e5b80214f11cde71d1d99a6d7b01fc4fd6cde0e1b25518cbca5dfe89,"反洗钱特别预防措施管理办法.pdf, 银行保险机构数据安全管理办法.pdf",medium,standard,"《反洗钱特别预防措施管理办法》的立法目的是：为预防洗钱、恐怖融资及大规模杀伤性武器扩散融资活动，规范反洗钱特别预防措施 [1]。

其直接法律依据包括：《中华人民共和国反洗钱法》《中华人民共和国反恐怖主义法》《中华人民共和国对外关系法》等法律 [1]。",[],1.0,0.951,0.6667,1.0,,,1.0,1.0,1.8078,0.0,,0.9419,9330.1882,5426.8177
agentic,理财产品终止时，除因理财产品预计到期日届至且未延期、理财产品延期期限届至且未再次延期两种情形外，理财产品管理人应提前多少个工作日通知投资者？,single_hop,5816f01462522fc70f2efc29d42de812208dcc3b58ed76ecbdd45c1d50dda6e7,广银理财幸福添利安享封闭式固定收益类公募理财产品第141号-产品说明书.pdf,medium,standard,除理财产品预计到期日届至且未延期、理财产品延期期限届至且未再次延期两种情形外，理财产品管理人应提前 **2 个工作日** 通知投资者，并披露理财产品终止之日 [1]。,[],0.5,0.9743,1.0,1.0,,0.0,1.0,1.0,2.3175,,,0.8516,10196.8671,5926.9207
