experiment,arm,strategy,round,sample,query,rewritten_query,hit_rate_at_5,precision_at_5,recall_at_5,mrr_at_5,evidence_recall_at_5,faithfulness,answer_relevancy,context_precision,context_recall,retrieval_latency_ms,generation_latency_ms,ragas_latency_ms,end_to_end_latency_ms,success,errors
query_rewrite,before,关闭查询改写,1,1,分三批建仓后股价连续下跌时，投资者如何执行计划并避免突破仓位和止损限制,分三批建仓后股价连续下跌时，投资者如何执行计划并避免突破仓位和止损限制,1.0,0.2,1.0,1.0,0.0,0.8333,0.0,0.7,0.0,34705.5921,4912.0127,89867.588,129489.4578,True,[]
query_rewrite,after,开启查询改写,1,1,分三批建仓后股价连续下跌时，投资者如何执行计划并避免突破仓位和止损限制,分批建仓后股价持续下跌时的交易执行策略与仓位止损管控,1.0,0.2,1.0,1.0,0.3333,0.65,0.7644,0.7556,0.0,34913.2679,12928.4485,101186.9527,151495.8197,True,[]
query_rewrite,after,开启查询改写,1,2,可转债出现负溢价时如何完成转股套利，为什么理论上有价差仍可能亏损,可转债负溢价转股套利操作及亏损风险原因,1.0,0.2,1.0,1.0,0.6667,1.0,0.9168,1.0,1.0,35847.606,7767.7707,94169.3056,140244.9941,True,[]
query_rewrite,before,关闭查询改写,1,2,可转债出现负溢价时如何完成转股套利，为什么理论上有价差仍可能亏损,可转债出现负溢价时如何完成转股套利，为什么理论上有价差仍可能亏损,1.0,0.2,1.0,1.0,0.8333,0.875,0.91,0.7556,0.6667,34575.8551,7351.9228,101512.242,143440.7365,True,[]
query_rewrite,before,关闭查询改写,1,3,如何为长期基金定投制定一个同时兼顾现金流、基金选择、投入调整和退出条件的方案,如何为长期基金定投制定一个同时兼顾现金流、基金选择、投入调整和退出条件的方案,1.0,0.2,1.0,1.0,0.0,0.7143,0.0,0.25,0.0,34129.6654,7691.3678,119844.6918,161666.3111,True,[]
query_rewrite,after,开启查询改写,1,3,如何为长期基金定投制定一个同时兼顾现金流、基金选择、投入调整和退出条件的方案,长期基金定投策略 现金流规划 基金筛选 动态调仓 止盈止损退出机制,1.0,0.2,1.0,1.0,0.0,0.8182,0.7692,0.5833,0.0,32678.7955,11315.5201,112535.0167,159040.8986,True,[]
query_rewrite,after,开启查询改写,1,4,跨境ETF为什么可能出现较大折溢价，它的交易制度与普通A股ETF有什么不同,跨境ETF折溢价成因及其与A股ETF交易制度差异,1.0,0.2,1.0,1.0,0.75,1.0,0.9558,0.7556,1.0,35764.1376,4060.5348,89567.5246,131383.5042,True,[]
query_rewrite,before,关闭查询改写,1,4,跨境ETF为什么可能出现较大折溢价，它的交易制度与普通A股ETF有什么不同,跨境ETF为什么可能出现较大折溢价，它的交易制度与普通A股ETF有什么不同,1.0,0.2,1.0,1.0,0.75,1.0,0.9298,0.8333,1.0,35839.687,4244.8249,100149.7119,140235.1308,True,[]
query_rewrite,before,关闭查询改写,1,5,普通投资者准备参与ETF交易并考虑折价套利，需要分别了解哪些交易规则、一级市场门槛、操作步骤和成本风险,普通投资者准备参与ETF交易并考虑折价套利，需要分别了解哪些交易规则、一级市场门槛、操作步骤和成本风险,1.0,0.2,1.0,1.0,0.6667,0.9643,0.8578,1.0,0.6667,36964.6415,12888.8921,108350.6531,158205.4351,True,[]
query_rewrite,after,开启查询改写,1,5,普通投资者准备参与ETF交易并考虑折价套利，需要分别了解哪些交易规则、一级市场门槛、操作步骤和成本风险,普通投资者参与ETF折价套利需了解的交易规则、一级市场申赎门槛、操作流程与成本风险,1.0,0.2,1.0,1.0,0.6667,0.9737,0.8315,1.0,0.6667,37427.1624,12956.6317,96144.4727,148538.2853,True,[]
query_rewrite,after,开启查询改写,2,1,市场连续下跌时，基金定投者应如何结合适用市场、估值、均线和止损误区决定继续、加码或停止,市场下跌时基金定投结合估值、均线及止损误区调整继续、加码或停止的策略,1.0,0.2,1.0,1.0,0.6,1.0,0.6903,1.0,0.5,21658.8719,8707.2258,100949.8269,133502.7507,True,[]
query_rewrite,before,关闭查询改写,2,1,市场连续下跌时，基金定投者应如何结合适用市场、估值、均线和止损误区决定继续、加码或停止,市场连续下跌时，基金定投者应如何结合适用市场、估值、均线和止损误区决定继续、加码或停止,1.0,0.2,1.0,1.0,0.4,0.9091,0.9367,1.0,0.5,22541.7655,17676.8348,126053.3674,166272.518,True,[]
query_rewrite,before,关闭查询改写,2,2,可转债出现负溢价时如何完成转股套利，为什么理论上有价差仍可能亏损,可转债出现负溢价时如何完成转股套利，为什么理论上有价差仍可能亏损,1.0,0.2,1.0,1.0,0.8333,1.0,0.8718,0.7556,0.6667,34564.9929,5125.9276,102296.5204,141988.9488,True,[]
query_rewrite,after,开启查询改写,2,2,可转债出现负溢价时如何完成转股套利，为什么理论上有价差仍可能亏损,可转债负溢价转股套利操作及亏损风险原因,1.0,0.2,1.0,1.0,0.6667,1.0,0.9448,0.7,1.0,43474.0412,6507.6405,83323.7301,133306.4004,True,[]
query_rewrite,after,开启查询改写,2,3,更换个人养老金资金账户开户银行时，需要先处理哪些资产，哪些账户会变化，这是否属于提前领取,个人养老金资金账户更换开户银行前需处理的资产、账户变化及是否算提前领取,1.0,0.2,1.0,1.0,0.5,0.8,0.728,0.8056,0.6667,31600.2739,9004.3931,110926.0001,154515.2976,True,[]
query_rewrite,before,关闭查询改写,2,3,更换个人养老金资金账户开户银行时，需要先处理哪些资产，哪些账户会变化，这是否属于提前领取,更换个人养老金资金账户开户银行时，需要先处理哪些资产，哪些账户会变化，这是否属于提前领取,1.0,0.2,1.0,1.0,0.5,0.6,0.0,0.8333,0.6667,29425.0464,7732.9611,142445.2795,179603.9902,True,[]
query_rewrite,before,关闭查询改写,2,4,股票新手从开户到首次建仓，需要遵守哪些资格、交易、仓位和止损规则,股票新手从开户到首次建仓，需要遵守哪些资格、交易、仓位和止损规则,1.0,0.2,1.0,1.0,0.3333,0.9444,0.0,0.95,0.0,35090.8875,9153.666,81407.6664,125654.8917,True,[]
query_rewrite,after,开启查询改写,2,4,股票新手从开户到首次建仓，需要遵守哪些资格、交易、仓位和止损规则,新手股票开户及建仓的资格要求、交易规则、仓位管理和止损策略,1.0,0.2,1.0,1.0,0.3333,1.0,0.7087,1.0,0.0,34171.024,10557.2892,94825.5953,141208.8802,True,[]
query_rewrite,after,开启查询改写,2,5,跨境ETF为什么可能出现较大折溢价，它的交易制度与普通A股ETF有什么不同,跨境ETF折溢价成因及其与A股ETF交易制度差异,1.0,0.2,1.0,1.0,0.75,0.8462,0.9558,0.7556,1.0,37604.1218,7097.4464,99813.2011,144516.5091,True,[]
query_rewrite,before,关闭查询改写,2,5,跨境ETF为什么可能出现较大折溢价，它的交易制度与普通A股ETF有什么不同,跨境ETF为什么可能出现较大折溢价，它的交易制度与普通A股ETF有什么不同,1.0,0.2,1.0,1.0,0.75,0.9091,0.9645,0.8333,1.0,33501.7815,3955.4614,72476.2127,109934.3297,True,[]
query_rewrite,before,关闭查询改写,3,1,跨境ETF为什么可能出现较大折溢价，它的交易制度与普通A股ETF有什么不同,跨境ETF为什么可能出现较大折溢价，它的交易制度与普通A股ETF有什么不同,1.0,0.2,1.0,1.0,0.75,0.8462,0.9282,0.8333,1.0,36073.3987,7836.9292,87701.7344,131613.7886,True,[]
query_rewrite,after,开启查询改写,3,1,跨境ETF为什么可能出现较大折溢价，它的交易制度与普通A股ETF有什么不同,跨境ETF折溢价成因及其与A股ETF交易制度差异,1.0,0.2,1.0,1.0,0.75,0.9091,0.9298,0.7556,1.0,48244.1079,6457.2398,85861.0277,140563.7166,True,[]
query_rewrite,after,开启查询改写,3,2,普通投资者准备参与ETF交易并考虑折价套利，需要分别了解哪些交易规则、一级市场门槛、操作步骤和成本风险,普通投资者参与ETF折价套利需了解的交易规则、一级市场申赎门槛、操作流程与成本风险,1.0,0.2,1.0,1.0,0.6667,0.9615,0.7886,1.0,0.6667,49262.6946,13574.7151,97170.4599,160014.0578,True,[]
query_rewrite,before,关闭查询改写,3,2,普通投资者准备参与ETF交易并考虑折价套利，需要分别了解哪些交易规则、一级市场门槛、操作步骤和成本风险,普通投资者准备参与ETF交易并考虑折价套利，需要分别了解哪些交易规则、一级市场门槛、操作步骤和成本风险,1.0,0.2,1.0,1.0,0.6667,0.9615,0.8578,1.0,0.6667,39051.704,9782.6706,113236.2093,162075.024,True,[]
query_rewrite,before,关闭查询改写,3,3,可转债出现负溢价时如何完成转股套利，为什么理论上有价差仍可能亏损,可转债出现负溢价时如何完成转股套利，为什么理论上有价差仍可能亏损,1.0,0.2,1.0,1.0,0.8333,1.0,0.8679,0.8333,1.0,35860.3439,5508.0999,82552.1734,123922.8446,True,[]
query_rewrite,after,开启查询改写,3,3,可转债出现负溢价时如何完成转股套利，为什么理论上有价差仍可能亏损,可转债负溢价转股套利操作及亏损风险原因,1.0,0.2,1.0,1.0,0.6667,1.0,0.9249,0.7,1.0,34568.544,6209.9777,96737.2261,137516.5414,True,[]
query_rewrite,after,开启查询改写,3,4,股票新手从开户到首次建仓，需要遵守哪些资格、交易、仓位和止损规则,新手股票开户及建仓的资格要求、交易规则、仓位管理和止损策略,1.0,0.2,1.0,1.0,0.3333,0.9,0.8913,1.0,0.0,26591.2253,6508.925,106907.2132,140011.3589,True,[]
query_rewrite,before,关闭查询改写,3,4,股票新手从开户到首次建仓，需要遵守哪些资格、交易、仓位和止损规则,股票新手从开户到首次建仓，需要遵守哪些资格、交易、仓位和止损规则,1.0,0.2,1.0,1.0,0.3333,1.0,0.8865,0.95,0.0,35873.814,6246.8742,115912.3536,158033.8217,True,[]
query_rewrite,before,关闭查询改写,3,5,投资者申购可转债后，从申购、缴款到上市期间有哪些关键时间点，弃购又会产生什么限制,投资者申购可转债后，从申购、缴款到上市期间有哪些关键时间点，弃购又会产生什么限制,1.0,0.2,1.0,1.0,0.8333,1.0,0.8637,1.0,0.75,36715.7098,6580.5607,89757.835,133055.3888,True,[]
query_rewrite,after,开启查询改写,3,5,投资者申购可转债后，从申购、缴款到上市期间有哪些关键时间点，弃购又会产生什么限制,可转债申购缴款上市关键时间节点及弃购限制,1.0,0.2,1.0,1.0,0.8333,1.0,0.8555,1.0,1.0,40771.7735,5091.0103,99995.0677,146945.6593,True,[]
query_rewrite,after,开启查询改写,4,1,如何为长期基金定投制定一个同时兼顾现金流、基金选择、投入调整和退出条件的方案,长期基金定投策略 现金流规划 基金筛选 动态调仓 止盈止损退出机制,1.0,0.2,1.0,1.0,0.0,0.95,0.753,0.5,0.0,28327.709,11821.0101,101052.1219,141202.7717,True,[]
query_rewrite,before,关闭查询改写,4,1,如何为长期基金定投制定一个同时兼顾现金流、基金选择、投入调整和退出条件的方案,如何为长期基金定投制定一个同时兼顾现金流、基金选择、投入调整和退出条件的方案,1.0,0.2,1.0,1.0,0.0,0.8333,0.0,0.25,0.0,32167.7708,6074.3629,125899.4413,164142.0929,True,[]
query_rewrite,before,关闭查询改写,4,2,更换个人养老金资金账户开户银行时，需要先处理哪些资产，哪些账户会变化，这是否属于提前领取,更换个人养老金资金账户开户银行时，需要先处理哪些资产，哪些账户会变化，这是否属于提前领取,1.0,0.2,1.0,1.0,0.5,0.6923,0.7529,1.0,0.6667,29915.7894,8582.2551,130792.8951,169292.8516,True,[]
query_rewrite,after,开启查询改写,4,2,更换个人养老金资金账户开户银行时，需要先处理哪些资产，哪些账户会变化，这是否属于提前领取,个人养老金资金账户更换开户银行前需处理的资产、账户变化及是否算提前领取,1.0,0.2,1.0,1.0,0.5,0.5556,0.7581,1.0,0.6667,29019.2502,23410.3472,104127.3926,156557.7683,True,[]
query_rewrite,after,开启查询改写,4,3,投资者申购可转债后，从申购、缴款到上市期间有哪些关键时间点，弃购又会产生什么限制,可转债申购缴款上市关键时间节点及弃购限制,1.0,0.2,1.0,1.0,0.8333,1.0,0.8742,1.0,1.0,37335.5353,5145.5827,80269.2335,122751.0939,True,[]
query_rewrite,before,关闭查询改写,4,3,投资者申购可转债后，从申购、缴款到上市期间有哪些关键时间点，弃购又会产生什么限制,投资者申购可转债后，从申购、缴款到上市期间有哪些关键时间点，弃购又会产生什么限制,1.0,0.2,1.0,1.0,0.8333,1.0,0.9004,1.0,0.75,25697.5626,6808.9188,88969.0782,121483.2037,True,[]
query_rewrite,before,关闭查询改写,4,4,个人养老金从缴费、购买产品、账户内转换到最终领取，各阶段分别有哪些金额、风险和税务规则,个人养老金从缴费、购买产品、账户内转换到最终领取，各阶段分别有哪些金额、风险和税务规则,1.0,0.2,1.0,1.0,0.8333,1.0,0.7383,1.0,0.75,19372.6619,11202.3685,115962.6548,146540.8597,True,[]
query_rewrite,after,开启查询改写,4,4,个人养老金从缴费、购买产品、账户内转换到最终领取，各阶段分别有哪些金额、风险和税务规则,个人养老金缴费、投资、转换、领取各阶段金额限制、风险与税务规则,1.0,0.2,1.0,1.0,0.6667,0.9524,0.7189,0.95,0.75,17596.8364,11862.4288,132080.7015,163087.9854,True,[]
query_rewrite,after,开启查询改写,4,5,判断一只ETF是否值得进行溢价套利，需要查看什么参考净值、如何计算溢价率，并考虑哪些交易成本和执行风险,如何判断ETF溢价套利机会，需查看的参考净值与IOPV、溢价率计算公式，以及涉及的交易成本和执行风险,1.0,0.2,1.0,1.0,0.4,0.75,0.8934,1.0,0.6667,20532.1253,14940.8577,135520.6443,173563.7616,True,[]
query_rewrite,before,关闭查询改写,4,5,判断一只ETF是否值得进行溢价套利，需要查看什么参考净值、如何计算溢价率，并考虑哪些交易成本和执行风险,判断一只ETF是否值得进行溢价套利，需要查看什么参考净值、如何计算溢价率，并考虑哪些交易成本和执行风险,1.0,0.2,1.0,1.0,0.4,1.0,0.923,0.95,0.6667,43123.4057,9015.306,112377.2,164525.1407,True,[]
query_rewrite,before,关闭查询改写,5,1,分三批建仓后股价连续下跌时，投资者如何执行计划并避免突破仓位和止损限制,分三批建仓后股价连续下跌时，投资者如何执行计划并避免突破仓位和止损限制,1.0,0.2,1.0,1.0,0.0,0.625,0.0,1.0,0.0,27057.709,7037.9231,112046.5236,146147.1157,True,[]
query_rewrite,after,开启查询改写,5,1,分三批建仓后股价连续下跌时，投资者如何执行计划并避免突破仓位和止损限制,分批建仓后股价持续下跌时的交易执行策略与仓位止损管控,1.0,0.2,1.0,1.0,0.3333,0.4,0.7988,0.7556,0.0,33990.8949,7853.6254,117369.9238,159217.9419,True,[]
query_rewrite,after,开启查询改写,5,2,可转债出现负溢价时如何完成转股套利，为什么理论上有价差仍可能亏损,可转债负溢价转股套利操作及亏损风险原因,1.0,0.2,1.0,1.0,0.6667,0.8333,0.7418,1.0,0.6667,24367.2105,7752.0029,105134.6756,137262.294,True,[]
query_rewrite,before,关闭查询改写,5,2,可转债出现负溢价时如何完成转股套利，为什么理论上有价差仍可能亏损,可转债出现负溢价时如何完成转股套利，为什么理论上有价差仍可能亏损,1.0,0.2,1.0,1.0,0.8333,0.9444,0.393,0.8042,0.6667,23555.0747,6371.5572,225833.5391,255761.6914,True,[]
query_rewrite,before,关闭查询改写,5,3,如何为长期基金定投制定一个同时兼顾现金流、基金选择、投入调整和退出条件的方案,如何为长期基金定投制定一个同时兼顾现金流、基金选择、投入调整和退出条件的方案,1.0,0.2,1.0,1.0,0.0,0.871,0.753,0.7,0.25,17345.9033,8600.3803,117639.6471,143587.8521,True,[]
query_rewrite,after,开启查询改写,5,3,如何为长期基金定投制定一个同时兼顾现金流、基金选择、投入调整和退出条件的方案,长期基金定投策略 现金流规划 基金筛选 动态调仓 止盈止损退出机制,1.0,0.2,1.0,1.0,0.0,0.9412,0.0,1.0,0.0,16867.1839,7708.8288,131143.0254,155719.5077,True,[]
query_rewrite,after,开启查询改写,5,4,股票新手从开户到首次建仓，需要遵守哪些资格、交易、仓位和止损规则,新手股票开户及建仓的资格要求、交易规则、仓位管理和止损策略,1.0,0.2,1.0,1.0,0.3333,0.9444,0.8913,1.0,0.0,16703.2047,12109.3625,89830.2405,118646.5331,True,[]
query_rewrite,before,关闭查询改写,5,4,股票新手从开户到首次建仓，需要遵守哪些资格、交易、仓位和止损规则,股票新手从开户到首次建仓，需要遵守哪些资格、交易、仓位和止损规则,1.0,0.2,1.0,1.0,0.3333,1.0,0.0,0.95,0.0,16787.1472,8827.8864,151865.1808,177480.6761,True,[]
query_rewrite,before,关闭查询改写,5,5,个人养老金从缴费、购买产品、账户内转换到最终领取，各阶段分别有哪些金额、风险和税务规则,个人养老金从缴费、购买产品、账户内转换到最终领取，各阶段分别有哪些金额、风险和税务规则,1.0,0.2,1.0,1.0,0.8333,0.875,0.75,1.0,0.75,20287.799,11430.097,285938.9367,317662.567,True,[]
query_rewrite,after,开启查询改写,5,5,个人养老金从缴费、购买产品、账户内转换到最终领取，各阶段分别有哪些金额、风险和税务规则,个人养老金缴费、投资、转换、领取各阶段金额限制、风险与税务规则,1.0,0.2,1.0,1.0,0.6667,0.9524,0.75,0.95,0.75,26358.0333,12982.6442,126752.8519,166108.4707,True,[]
rerank,before,关闭重排序,1,1,分三批建仓后股价连续下跌时，投资者如何执行计划并避免突破仓位和止损限制,分批建仓后股价持续下跌时的交易执行策略与仓位止损管控,1.0,0.2,1.0,1.0,0.5,0.72,0.6888,0.95,0.5,608.256,11104.3116,281627.3417,293344.4933,True,[]
rerank,after,开启重排序,1,1,分三批建仓后股价连续下跌时，投资者如何执行计划并避免突破仓位和止损限制,分批建仓后股价持续下跌时的交易执行策略与仓位止损管控,1.0,0.2,1.0,1.0,0.3333,0.8,0.7796,0.7556,0.0,22410.121,5413.6386,140069.2079,167896.7405,True,[]
rerank,after,开启重排序,1,2,可转债出现负溢价时如何完成转股套利，为什么理论上有价差仍可能亏损,可转债负溢价转股套利操作及亏损风险原因,1.0,0.2,1.0,1.0,0.6667,0.9375,0.8533,1.0,1.0,27281.0901,7304.9207,107225.0153,141817.6934,True,[]
rerank,before,关闭重排序,1,2,可转债出现负溢价时如何完成转股套利，为什么理论上有价差仍可能亏损,可转债负溢价转股套利操作及亏损风险原因,1.0,0.2,1.0,1.0,0.6667,0.7143,0.922,1.0,1.0,675.4443,7915.1886,124393.4864,132985.1891,True,[]
rerank,before,关闭重排序,1,3,如何为长期基金定投制定一个同时兼顾现金流、基金选择、投入调整和退出条件的方案,长期基金定投策略 现金流规划 基金筛选 动态调仓 止盈止损退出机制,1.0,0.2,1.0,1.0,0.0,0.875,0.0,0.95,0.0,859.3658,6685.3297,151810.4249,159357.2183,True,[]
rerank,after,开启重排序,1,3,如何为长期基金定投制定一个同时兼顾现金流、基金选择、投入调整和退出条件的方案,长期基金定投策略 现金流规划 基金筛选 动态调仓 止盈止损退出机制,1.0,0.2,1.0,1.0,0.0,0.8889,0.7692,0.5,0.0,32928.7529,13630.7075,157384.5545,203944.5972,True,[]
rerank,after,开启重排序,1,4,跨境ETF为什么可能出现较大折溢价，它的交易制度与普通A股ETF有什么不同,跨境ETF折溢价成因及其与A股ETF交易制度差异,1.0,0.2,1.0,1.0,0.75,0.9333,0.9556,0.7556,1.0,43937.8561,6370.3316,98687.0453,149018.7706,True,[]
rerank,before,关闭重排序,1,4,跨境ETF为什么可能出现较大折溢价，它的交易制度与普通A股ETF有什么不同,跨境ETF折溢价成因及其与A股ETF交易制度差异,1.0,0.2,1.0,1.0,0.5,0.4545,0.0,1.0,0.5,947.3405,11509.8834,115479.4377,127938.9139,True,[]
rerank,before,关闭重排序,1,5,普通投资者准备参与ETF交易并考虑折价套利，需要分别了解哪些交易规则、一级市场门槛、操作步骤和成本风险,普通投资者参与ETF折价套利需了解的交易规则、一级市场申赎门槛、操作流程与成本风险,1.0,0.2,1.0,1.0,1.0,0.9655,0.8451,0.7,1.0,874.2597,10239.1985,123692.791,134807.0718,True,[]
rerank,after,开启重排序,1,5,普通投资者准备参与ETF交易并考虑折价套利，需要分别了解哪些交易规则、一级市场门槛、操作步骤和成本风险,普通投资者参与ETF折价套利需了解的交易规则、一级市场申赎门槛、操作流程与成本风险,1.0,0.2,1.0,1.0,0.6667,0.9615,0.9132,1.0,0.6667,42546.6342,13137.1014,144567.277,200252.2142,True,[]
rerank,after,开启重排序,2,1,市场连续下跌时，基金定投者应如何结合适用市场、估值、均线和止损误区决定继续、加码或停止,市场下跌时基金定投结合估值、均线及止损误区调整继续、加码或停止的策略,1.0,0.2,1.0,1.0,0.6,0.9091,0.8613,0.6389,0.5,25537.2686,25686.157,128705.7663,179930.8892,True,[]
rerank,before,关闭重排序,2,1,市场连续下跌时，基金定投者应如何结合适用市场、估值、均线和止损误区决定继续、加码或停止,市场下跌时基金定投结合估值、均线及止损误区调整继续、加码或停止的策略,1.0,0.2,1.0,1.0,0.4,0.6,0.703,0.5833,0.25,796.674,8382.7816,114853.8565,124033.7,True,[]
rerank,before,关闭重排序,2,2,可转债出现负溢价时如何完成转股套利，为什么理论上有价差仍可能亏损,可转债负溢价转股套利操作及亏损风险原因,1.0,0.2,1.0,1.0,0.6667,0.9375,0.9094,0.8333,0.6667,672.282,5929.9775,96695.797,103300.5764,True,[]
rerank,after,开启重排序,2,2,可转债出现负溢价时如何完成转股套利，为什么理论上有价差仍可能亏损,可转债负溢价转股套利操作及亏损风险原因,1.0,0.2,1.0,1.0,0.6667,1.0,0.8845,1.0,1.0,28450.8283,7301.5804,86934.2946,122704.2769,True,[]
rerank,after,开启重排序,2,3,更换个人养老金资金账户开户银行时，需要先处理哪些资产，哪些账户会变化，这是否属于提前领取,个人养老金资金账户更换开户银行前需处理的资产、账户变化及是否算提前领取,1.0,0.2,1.0,1.0,0.5,0.8571,0.8014,0.8333,0.6667,26503.5525,7141.8532,88321.3979,121975.078,True,[]
rerank,before,关闭重排序,2,3,更换个人养老金资金账户开户银行时，需要先处理哪些资产，哪些账户会变化，这是否属于提前领取,个人养老金资金账户更换开户银行前需处理的资产、账户变化及是否算提前领取,1.0,0.2,1.0,1.0,0.5,0.8571,0.0,0.8333,0.6,639.9747,7667.0647,127695.1762,136002.7524,True,[]
rerank,before,关闭重排序,2,4,股票新手从开户到首次建仓，需要遵守哪些资格、交易、仓位和止损规则,新手股票开户及建仓的资格要求、交易规则、仓位管理和止损策略,1.0,0.2,1.0,1.0,0.1667,1.0,0.8975,1.0,0.3333,544.6877,7829.4524,90203.0415,98578.1241,True,[]
rerank,after,开启重排序,2,4,股票新手从开户到首次建仓，需要遵守哪些资格、交易、仓位和止损规则,新手股票开户及建仓的资格要求、交易规则、仓位管理和止损策略,1.0,0.2,1.0,1.0,0.3333,1.0,0.8913,1.0,0.0,17699.0199,3270.9511,84979.7443,105950.7005,True,[]
rerank,after,开启重排序,2,5,跨境ETF为什么可能出现较大折溢价，它的交易制度与普通A股ETF有什么不同,跨境ETF折溢价成因及其与A股ETF交易制度差异,1.0,0.2,1.0,1.0,0.75,1.0,0.9568,0.7556,1.0,20602.5003,4277.1135,80891.6309,105773.6099,True,[]
rerank,before,关闭重排序,2,5,跨境ETF为什么可能出现较大折溢价，它的交易制度与普通A股ETF有什么不同,跨境ETF折溢价成因及其与A股ETF交易制度差异,1.0,0.2,1.0,1.0,0.5,0.8,0.0,1.0,0.5,580.9552,7165.3153,85496.8805,93244.3802,True,[]
rerank,before,关闭重排序,3,1,跨境ETF为什么可能出现较大折溢价，它的交易制度与普通A股ETF有什么不同,跨境ETF折溢价成因及其与A股ETF交易制度差异,1.0,0.2,1.0,1.0,0.5,0.8182,0.5948,1.0,0.5,527.1797,8424.2827,75854.557,84806.4975,True,[]
rerank,after,开启重排序,3,1,跨境ETF为什么可能出现较大折溢价，它的交易制度与普通A股ETF有什么不同,跨境ETF折溢价成因及其与A股ETF交易制度差异,1.0,0.2,1.0,1.0,0.75,1.0,0.9298,0.7556,1.0,23748.1431,7073.9801,88014.901,118837.892,True,[]
rerank,after,开启重排序,3,2,普通投资者准备参与ETF交易并考虑折价套利，需要分别了解哪些交易规则、一级市场门槛、操作步骤和成本风险,普通投资者参与ETF折价套利需了解的交易规则、一级市场申赎门槛、操作流程与成本风险,1.0,0.2,1.0,1.0,0.6667,1.0,0.8578,1.0,0.6667,26918.6877,13617.4403,101004.7252,141553.5851,True,[]
rerank,before,关闭重排序,3,2,普通投资者准备参与ETF交易并考虑折价套利，需要分别了解哪些交易规则、一级市场门槛、操作步骤和成本风险,普通投资者参与ETF折价套利需了解的交易规则、一级市场申赎门槛、操作流程与成本风险,1.0,0.2,1.0,1.0,1.0,0.963,0.8629,0.7,1.0,570.902,10377.7099,113876.2345,124825.8788,True,[]
rerank,before,关闭重排序,3,3,可转债出现负溢价时如何完成转股套利，为什么理论上有价差仍可能亏损,可转债负溢价转股套利操作及亏损风险原因,1.0,0.2,1.0,1.0,0.6667,1.0,0.8718,0.8333,1.0,555.7255,6372.3599,81379.4944,88308.828,True,[]
rerank,after,开启重排序,3,3,可转债出现负溢价时如何完成转股套利，为什么理论上有价差仍可能亏损,可转债负溢价转股套利操作及亏损风险原因,1.0,0.2,1.0,1.0,0.6667,1.0,0.894,1.0,0.6667,24996.5452,5238.7139,98296.8863,128534.747,True,[]
rerank,after,开启重排序,3,4,股票新手从开户到首次建仓，需要遵守哪些资格、交易、仓位和止损规则,新手股票开户及建仓的资格要求、交易规则、仓位管理和止损策略,1.0,0.2,1.0,1.0,0.3333,0.9565,0.0,1.0,0.0,18658.0172,9959.533,121306.7862,149927.8641,True,[]
rerank,before,关闭重排序,3,4,股票新手从开户到首次建仓，需要遵守哪些资格、交易、仓位和止损规则,新手股票开户及建仓的资格要求、交易规则、仓位管理和止损策略,1.0,0.2,1.0,1.0,0.1667,0.8214,0.0,0.5833,0.3333,579.374,9592.7019,89856.8015,100029.144,True,[]
rerank,before,关闭重排序,3,5,投资者申购可转债后，从申购、缴款到上市期间有哪些关键时间点，弃购又会产生什么限制,可转债申购缴款上市关键时间节点及弃购限制,1.0,0.2,1.0,1.0,0.8333,1.0,0.7908,0.5,1.0,500.5296,5917.4839,80489.7912,86909.1307,True,[]
rerank,after,开启重排序,3,5,投资者申购可转债后，从申购、缴款到上市期间有哪些关键时间点，弃购又会产生什么限制,可转债申购缴款上市关键时间节点及弃购限制,1.0,0.2,1.0,1.0,0.8333,1.0,0.8658,1.0,1.0,22783.3273,5382.2277,68599.7364,96766.4753,True,[]
rerank,after,开启重排序,4,1,如何为长期基金定投制定一个同时兼顾现金流、基金选择、投入调整和退出条件的方案,长期基金定投策略 现金流规划 基金筛选 动态调仓 止盈止损退出机制,1.0,0.2,1.0,1.0,0.0,0.625,0.0,0.5,0.0,20946.102,8981.5464,108215.0603,138144.457,True,[]
rerank,before,关闭重排序,4,1,如何为长期基金定投制定一个同时兼顾现金流、基金选择、投入调整和退出条件的方案,长期基金定投策略 现金流规划 基金筛选 动态调仓 止盈止损退出机制,1.0,0.2,1.0,1.0,0.0,0.8333,0.0,0.95,0.0,559.9663,6777.3793,128493.9467,135831.5956,True,[]
rerank,before,关闭重排序,4,2,更换个人养老金资金账户开户银行时，需要先处理哪些资产，哪些账户会变化，这是否属于提前领取,个人养老金资金账户更换开户银行前需处理的资产、账户变化及是否算提前领取,1.0,0.2,1.0,1.0,0.5,0.8333,0.0,0.8333,0.6667,732.145,7104.6322,106485.245,114324.7165,True,[]
rerank,after,开启重排序,4,2,更换个人养老金资金账户开户银行时，需要先处理哪些资产，哪些账户会变化，这是否属于提前领取,个人养老金资金账户更换开户银行前需处理的资产、账户变化及是否算提前领取,1.0,0.2,1.0,1.0,0.5,0.5,0.0,0.8056,0.6667,21911.2846,11919.0266,113076.6814,146909.5339,True,[]
rerank,after,开启重排序,4,3,投资者申购可转债后，从申购、缴款到上市期间有哪些关键时间点，弃购又会产生什么限制,可转债申购缴款上市关键时间节点及弃购限制,1.0,0.2,1.0,1.0,0.8333,1.0,0.8849,1.0,1.0,24748.702,6710.7704,99854.1346,131315.4752,True,[]
rerank,before,关闭重排序,4,3,投资者申购可转债后，从申购、缴款到上市期间有哪些关键时间点，弃购又会产生什么限制,可转债申购缴款上市关键时间节点及弃购限制,1.0,0.2,1.0,1.0,0.8333,1.0,0.8658,1.0,1.0,617.8418,5040.2774,88099.8866,93758.4749,True,[]
rerank,before,关闭重排序,4,4,个人养老金从缴费、购买产品、账户内转换到最终领取，各阶段分别有哪些金额、风险和税务规则,个人养老金缴费、投资、转换、领取各阶段金额限制、风险与税务规则,1.0,0.2,1.0,1.0,0.5,0.6667,0.7884,0.9167,0.25,648.9657,11137.3234,121743.5396,133530.3478,True,[]
rerank,after,开启重排序,4,4,个人养老金从缴费、购买产品、账户内转换到最终领取，各阶段分别有哪些金额、风险和税务规则,个人养老金缴费、投资、转换、领取各阶段金额限制、风险与税务规则,1.0,0.2,1.0,1.0,0.6667,0.9677,0.7518,0.45,0.75,19367.3994,8234.0,139491.8646,167095.3776,True,[]
rerank,after,开启重排序,4,5,判断一只ETF是否值得进行溢价套利，需要查看什么参考净值、如何计算溢价率，并考虑哪些交易成本和执行风险,如何判断ETF溢价套利机会，需查看的参考净值与IOPV、溢价率计算公式，以及涉及的交易成本和执行风险,1.0,0.2,1.0,1.0,0.4,0.9048,0.8824,1.0,0.6667,43252.8797,6753.5213,131821.4533,181837.8906,True,[]
rerank,before,关闭重排序,4,5,判断一只ETF是否值得进行溢价套利，需要查看什么参考净值、如何计算溢价率，并考虑哪些交易成本和执行风险,如何判断ETF溢价套利机会，需查看的参考净值与IOPV、溢价率计算公式，以及涉及的交易成本和执行风险,1.0,0.2,1.0,1.0,0.4,0.9375,0.8243,0.9167,0.6667,1088.4395,8091.6243,116985.2201,126166.4762,True,[]
rerank,before,关闭重排序,5,1,分三批建仓后股价连续下跌时，投资者如何执行计划并避免突破仓位和止损限制,分批建仓后股价持续下跌时的交易执行策略与仓位止损管控,1.0,0.2,1.0,1.0,0.5,0.8,0.9155,0.95,1.0,1077.8308,16558.693,114726.8692,132367.3054,True,[]
rerank,after,开启重排序,5,1,分三批建仓后股价连续下跌时，投资者如何执行计划并避免突破仓位和止损限制,分批建仓后股价持续下跌时的交易执行策略与仓位止损管控,1.0,0.2,1.0,1.0,0.3333,0.5333,0.9214,0.7556,0.0,41299.4552,8229.5769,108405.8757,157944.1916,True,[]
rerank,after,开启重排序,5,2,可转债出现负溢价时如何完成转股套利，为什么理论上有价差仍可能亏损,可转债负溢价转股套利操作及亏损风险原因,1.0,0.2,1.0,1.0,0.6667,0.8667,0.8991,1.0,1.0,42656.815,5740.3273,96675.0819,145077.2792,True,[]
rerank,before,关闭重排序,5,2,可转债出现负溢价时如何完成转股套利，为什么理论上有价差仍可能亏损,可转债负溢价转股套利操作及亏损风险原因,1.0,0.2,1.0,1.0,0.6667,0.9,0.9019,0.8333,1.0,1292.0489,5883.907,77680.7138,84858.3975,True,[]
rerank,before,关闭重排序,5,3,如何为长期基金定投制定一个同时兼顾现金流、基金选择、投入调整和退出条件的方案,长期基金定投策略 现金流规划 基金筛选 动态调仓 止盈止损退出机制,1.0,0.2,1.0,1.0,0.0,0.8333,0.0,0.95,0.0,1706.9705,3450.8089,102968.6623,108128.8576,True,[]
rerank,after,开启重排序,5,3,如何为长期基金定投制定一个同时兼顾现金流、基金选择、投入调整和退出条件的方案,长期基金定投策略 现金流规划 基金筛选 动态调仓 止盈止损退出机制,1.0,0.2,1.0,1.0,0.0,0.6923,0.753,0.5,0.0,40204.5673,11404.9822,142661.8298,194272.7337,True,[]
rerank,after,开启重排序,5,4,股票新手从开户到首次建仓，需要遵守哪些资格、交易、仓位和止损规则,新手股票开户及建仓的资格要求、交易规则、仓位管理和止损策略,1.0,0.2,1.0,1.0,0.3333,1.0,0.8913,0.8333,0.0,38733.8204,11292.4816,91408.204,141449.0881,True,[]
rerank,before,关闭重排序,5,4,股票新手从开户到首次建仓，需要遵守哪些资格、交易、仓位和止损规则,新手股票开户及建仓的资格要求、交易规则、仓位管理和止损策略,1.0,0.2,1.0,1.0,0.1667,1.0,0.8913,1.0,0.3333,1601.1196,9965.4112,117885.3234,129453.4292,True,[]
rerank,before,关闭重排序,5,5,个人养老金从缴费、购买产品、账户内转换到最终领取，各阶段分别有哪些金额、风险和税务规则,个人养老金缴费、投资、转换、领取各阶段金额限制、风险与税务规则,1.0,0.2,1.0,1.0,0.5,0.9189,0.4939,0.9167,0.25,2236.8715,9568.5727,274510.2931,286327.8527,True,[]
rerank,after,开启重排序,5,5,个人养老金从缴费、购买产品、账户内转换到最终领取，各阶段分别有哪些金额、风险和税务规则,个人养老金缴费、投资、转换、领取各阶段金额限制、风险与税务规则,1.0,0.2,1.0,1.0,0.6667,0.7059,0.7189,0.8667,0.75,46527.5125,12584.9785,106377.9992,165500.3735,True,[]
chunking,before,递归切块,1,1,分三批建仓后股价连续下跌时，投资者如何执行计划并避免突破仓位和止损限制,分批建仓后股价持续下跌时的交易执行策略与仓位止损管控,1.0,0.2,1.0,1.0,0.5,0.8889,0.78,1.0,1.0,81699.0871,10699.0616,122250.4341,214682.452,True,[]
chunking,after,Docling切块,1,1,分三批建仓后股价连续下跌时，投资者如何执行计划并避免突破仓位和止损限制,分批建仓后股价持续下跌时的交易执行策略与仓位止损管控,1.0,0.2,1.0,1.0,0.3333,0.25,0.8217,0.7,0.3333,51678.8762,9480.0211,135538.8157,196704.7364,True,[]
chunking,after,Docling切块,1,2,可转债出现负溢价时如何完成转股套利，为什么理论上有价差仍可能亏损,可转债负溢价转股套利操作及亏损风险原因,1.0,0.2,1.0,1.0,0.6667,0.9333,0.9262,0.7,1.0,60660.5556,7112.8377,113814.2279,181609.8339,True,[]
chunking,before,递归切块,1,2,可转债出现负溢价时如何完成转股套利，为什么理论上有价差仍可能亏损,可转债负溢价转股套利操作及亏损风险原因,1.0,0.2,1.0,1.0,0.8333,0.8333,0.9245,0.7556,1.0,81034.0344,8974.9809,117454.8835,207490.5568,True,[]
chunking,before,递归切块,1,3,如何为长期基金定投制定一个同时兼顾现金流、基金选择、投入调整和退出条件的方案,长期基金定投策略 现金流规划 基金筛选 动态调仓 止盈止损退出机制,1.0,0.2,1.0,1.0,0.4286,0.9744,0.8872,1.0,1.0,81386.5165,14672.6281,153524.1392,249618.5057,True,[]
chunking,after,Docling切块,1,3,如何为长期基金定投制定一个同时兼顾现金流、基金选择、投入调整和退出条件的方案,长期基金定投策略 现金流规划 基金筛选 动态调仓 止盈止损退出机制,1.0,0.2,1.0,1.0,0.0,0.7826,0.0,0.5,0.0,57588.0626,9044.1963,135808.7876,202458.4771,True,[]
chunking,after,Docling切块,1,4,跨境ETF为什么可能出现较大折溢价，它的交易制度与普通A股ETF有什么不同,跨境ETF折溢价成因及其与A股ETF交易制度差异,1.0,0.2,1.0,1.0,0.75,1.0,0.9295,0.7556,1.0,55825.6809,7957.0215,103909.8121,167700.8698,True,[]
chunking,before,递归切块,1,4,跨境ETF为什么可能出现较大折溢价，它的交易制度与普通A股ETF有什么不同,跨境ETF折溢价成因及其与A股ETF交易制度差异,1.0,0.2,1.0,1.0,0.75,0.8333,0.9558,1.0,1.0,58684.506,5154.3301,98347.4911,162212.098,True,[]
chunking,before,递归切块,1,5,普通投资者准备参与ETF交易并考虑折价套利，需要分别了解哪些交易规则、一级市场门槛、操作步骤和成本风险,普通投资者参与ETF折价套利需了解的交易规则、一级市场申赎门槛、操作流程与成本风险,1.0,0.2,1.0,1.0,0.8333,0.9722,0.5615,1.0,1.0,58590.7535,15255.7732,124979.665,198837.8281,True,[]
chunking,after,Docling切块,1,5,普通投资者准备参与ETF交易并考虑折价套利，需要分别了解哪些交易规则、一级市场门槛、操作步骤和成本风险,普通投资者参与ETF折价套利需了解的交易规则、一级市场申赎门槛、操作流程与成本风险,1.0,0.2,1.0,1.0,0.6667,0.9565,0.8266,1.0,0.6667,43919.6492,16219.6552,114935.5316,175085.4687,True,[]
chunking,after,Docling切块,2,1,市场连续下跌时，基金定投者应如何结合适用市场、估值、均线和止损误区决定继续、加码或停止,市场下跌时基金定投结合估值、均线及止损误区调整继续、加码或停止的策略,1.0,0.2,1.0,1.0,0.6,0.7333,0.8325,1.0,0.5,37130.2805,12282.9574,149600.389,199026.0366,True,[]
chunking,before,递归切块,2,1,市场连续下跌时，基金定投者应如何结合适用市场、估值、均线和止损误区决定继续、加码或停止,市场下跌时基金定投结合估值、均线及止损误区调整继续、加码或停止的策略,1.0,0.2,1.0,1.0,1.0,0.85,0.8128,1.0,0.75,56408.7168,13436.9784,118826.9868,188683.8565,True,[]
chunking,before,递归切块,2,2,可转债出现负溢价时如何完成转股套利，为什么理论上有价差仍可能亏损,可转债负溢价转股套利操作及亏损风险原因,1.0,0.2,1.0,1.0,0.8333,0.9375,0.9016,0.7556,1.0,55286.0723,4200.1397,90776.674,150268.2525,True,[]
chunking,after,Docling切块,2,2,可转债出现负溢价时如何完成转股套利，为什么理论上有价差仍可能亏损,可转债负溢价转股套利操作及亏损风险原因,1.0,0.2,1.0,1.0,0.6667,0.7619,0.9439,1.0,1.0,40169.8031,8857.7264,130353.8263,179383.9543,True,[]
chunking,after,Docling切块,2,3,更换个人养老金资金账户开户银行时，需要先处理哪些资产，哪些账户会变化，这是否属于提前领取,个人养老金资金账户更换开户银行前需处理的资产、账户变化及是否算提前领取,1.0,0.2,1.0,1.0,0.5,0.8333,0.0,1.0,0.6667,37926.8617,15289.9458,114284.232,167503.4006,True,[]
chunking,before,递归切块,2,3,更换个人养老金资金账户开户银行时，需要先处理哪些资产，哪些账户会变化，这是否属于提前领取,个人养老金资金账户更换开户银行前需处理的资产、账户变化及是否算提前领取,1.0,0.2,1.0,1.0,0.6667,0.8571,0.7385,1.0,1.0,54521.0727,7189.8293,105601.6957,167316.0218,True,[]
chunking,before,递归切块,2,4,股票新手从开户到首次建仓，需要遵守哪些资格、交易、仓位和止损规则,新手股票开户及建仓的资格要求、交易规则、仓位管理和止损策略,1.0,0.2,1.0,1.0,0.6667,1.0,0.8913,1.0,0.6667,54868.4807,7819.0688,100510.5293,163203.0574,True,[]
chunking,after,Docling切块,2,4,股票新手从开户到首次建仓，需要遵守哪些资格、交易、仓位和止损规则,新手股票开户及建仓的资格要求、交易规则、仓位管理和止损策略,1.0,0.2,1.0,1.0,0.3333,1.0,0.5934,1.0,0.0,37632.0494,11962.2273,108260.1821,157855.7354,True,[]
chunking,after,Docling切块,2,5,跨境ETF为什么可能出现较大折溢价，它的交易制度与普通A股ETF有什么不同,跨境ETF折溢价成因及其与A股ETF交易制度差异,1.0,0.2,1.0,1.0,0.75,0.9231,0.9276,0.7556,1.0,44721.6574,5338.2342,91871.0438,141936.3035,True,[]
chunking,before,递归切块,2,5,跨境ETF为什么可能出现较大折溢价，它的交易制度与普通A股ETF有什么不同,跨境ETF折溢价成因及其与A股ETF交易制度差异,1.0,0.2,1.0,1.0,0.75,1.0,0.5867,0.5833,1.0,52016.8393,260317.0706,94630.4485,406968.7239,True,[]
chunking,before,递归切块,3,1,跨境ETF为什么可能出现较大折溢价，它的交易制度与普通A股ETF有什么不同,跨境ETF折溢价成因及其与A股ETF交易制度差异,1.0,0.2,1.0,1.0,0.75,0.7857,0.574,1.0,0.8571,49770.5378,5455.6588,104705.0208,159936.5739,True,[]
chunking,after,Docling切块,3,1,跨境ETF为什么可能出现较大折溢价，它的交易制度与普通A股ETF有什么不同,跨境ETF折溢价成因及其与A股ETF交易制度差异,1.0,0.2,1.0,1.0,0.75,1.0,0.9298,0.7556,1.0,39812.3145,7076.4987,97447.8442,144338.0367,True,[]
chunking,after,Docling切块,3,2,普通投资者准备参与ETF交易并考虑折价套利，需要分别了解哪些交易规则、一级市场门槛、操作步骤和成本风险,普通投资者参与ETF折价套利需了解的交易规则、一级市场申赎门槛、操作流程与成本风险,1.0,0.2,1.0,1.0,0.6667,0.8947,0.8713,1.0,0.6667,42058.1782,13687.4704,114209.7766,169959.5795,True,[]
chunking,before,递归切块,3,2,普通投资者准备参与ETF交易并考虑折价套利，需要分别了解哪些交易规则、一级市场门槛、操作步骤和成本风险,普通投资者参与ETF折价套利需了解的交易规则、一级市场申赎门槛、操作流程与成本风险,1.0,0.2,1.0,1.0,0.8333,0.9667,0.85,1.0,1.0,54333.1338,13252.4018,109686.3202,177273.5435,True,[]
chunking,before,递归切块,3,3,可转债出现负溢价时如何完成转股套利，为什么理论上有价差仍可能亏损,可转债负溢价转股套利操作及亏损风险原因,1.0,0.2,1.0,1.0,0.8333,0.8235,0.746,0.7556,1.0,58287.5433,7279.7102,104344.6881,169916.3684,True,[]
chunking,after,Docling切块,3,3,可转债出现负溢价时如何完成转股套利，为什么理论上有价差仍可能亏损,可转债负溢价转股套利操作及亏损风险原因,1.0,0.2,1.0,1.0,0.6667,0.9167,0.9389,0.7,1.0,47298.7232,7130.4819,115690.2863,170121.0422,True,[]
chunking,after,Docling切块,3,4,股票新手从开户到首次建仓，需要遵守哪些资格、交易、仓位和止损规则,新手股票开户及建仓的资格要求、交易规则、仓位管理和止损策略,1.0,0.2,1.0,1.0,0.3333,1.0,0.8913,1.0,0.0,16283.9581,11027.7846,101425.9732,128740.2973,True,[]
chunking,before,递归切块,3,4,股票新手从开户到首次建仓，需要遵守哪些资格、交易、仓位和止损规则,新手股票开户及建仓的资格要求、交易规则、仓位管理和止损策略,1.0,0.2,1.0,1.0,0.6667,1.0,0.8913,0.95,0.6667,62759.8497,7436.1014,111553.9414,181757.6822,True,[]
chunking,before,递归切块,3,5,投资者申购可转债后，从申购、缴款到上市期间有哪些关键时间点，弃购又会产生什么限制,可转债申购缴款上市关键时间节点及弃购限制,1.0,0.2,1.0,1.0,0.8333,0.9,0.9175,1.0,1.0,40108.7919,7961.8705,99014.0781,147088.0345,True,[]
chunking,after,Docling切块,3,5,投资者申购可转债后，从申购、缴款到上市期间有哪些关键时间点，弃购又会产生什么限制,可转债申购缴款上市关键时间节点及弃购限制,1.0,0.2,1.0,1.0,0.8333,0.8667,0.7917,1.0,1.0,43686.7921,6188.5446,92937.7751,142814.6057,True,[]
chunking,after,Docling切块,4,1,如何为长期基金定投制定一个同时兼顾现金流、基金选择、投入调整和退出条件的方案,长期基金定投策略 现金流规划 基金筛选 动态调仓 止盈止损退出机制,1.0,0.2,1.0,1.0,0.0,0.5,0.7535,0.5,0.0,16867.8116,14398.0569,111084.753,142352.1876,True,[]
chunking,before,递归切块,4,1,如何为长期基金定投制定一个同时兼顾现金流、基金选择、投入调整和退出条件的方案,长期基金定投策略 现金流规划 基金筛选 动态调仓 止盈止损退出机制,1.0,0.2,1.0,1.0,0.4286,1.0,0.7692,1.0,1.0,28715.3046,12046.7078,115002.1338,155765.3964,True,[]
chunking,before,递归切块,4,2,更换个人养老金资金账户开户银行时，需要先处理哪些资产，哪些账户会变化，这是否属于提前领取,个人养老金资金账户更换开户银行前需处理的资产、账户变化及是否算提前领取,1.0,0.2,1.0,1.0,0.6667,0.7647,0.8338,1.0,0.6667,25891.238,9808.6204,137559.5239,173260.8507,True,[]
chunking,after,Docling切块,4,2,更换个人养老金资金账户开户银行时，需要先处理哪些资产，哪些账户会变化，这是否属于提前领取,个人养老金资金账户更换开户银行前需处理的资产、账户变化及是否算提前领取,1.0,0.2,1.0,1.0,0.5,0.6,0.7626,1.0,0.6667,18465.9258,9747.8976,119076.8407,147291.3471,True,[]
chunking,after,Docling切块,4,3,投资者申购可转债后，从申购、缴款到上市期间有哪些关键时间点，弃购又会产生什么限制,可转债申购缴款上市关键时间节点及弃购限制,1.0,0.2,1.0,1.0,0.8333,0.9286,0.9324,1.0,1.0,22581.7899,6601.3925,94187.6737,123371.7581,True,[]
chunking,before,递归切块,4,3,投资者申购可转债后，从申购、缴款到上市期间有哪些关键时间点，弃购又会产生什么限制,可转债申购缴款上市关键时间节点及弃购限制,1.0,0.2,1.0,1.0,0.8333,1.0,0.885,1.0,1.0,33414.2639,7327.825,74041.2016,114784.7174,True,[]
chunking,before,递归切块,4,4,个人养老金从缴费、购买产品、账户内转换到最终领取，各阶段分别有哪些金额、风险和税务规则,个人养老金缴费、投资、转换、领取各阶段金额限制、风险与税务规则,1.0,0.2,1.0,1.0,1.0,1.0,0.7364,1.0,1.0,30064.7613,10735.2727,105794.8266,146598.465,True,[]
chunking,after,Docling切块,4,4,个人养老金从缴费、购买产品、账户内转换到最终领取，各阶段分别有哪些金额、风险和税务规则,个人养老金缴费、投资、转换、领取各阶段金额限制、风险与税务规则,1.0,0.2,1.0,1.0,0.6667,0.8519,0.7593,0.8667,0.75,19024.4745,9806.5265,112357.1985,141189.1238,True,[]
chunking,after,Docling切块,4,5,判断一只ETF是否值得进行溢价套利，需要查看什么参考净值、如何计算溢价率，并考虑哪些交易成本和执行风险,如何判断ETF溢价套利机会，需查看的参考净值与IOPV、溢价率计算公式，以及涉及的交易成本和执行风险,1.0,0.2,1.0,1.0,0.4,0.8824,0.5998,1.0,0.6667,23143.7811,13937.371,106720.288,143802.7274,True,[]
chunking,before,递归切块,4,5,判断一只ETF是否值得进行溢价套利，需要查看什么参考净值、如何计算溢价率，并考虑哪些交易成本和执行风险,如何判断ETF溢价套利机会，需查看的参考净值与IOPV、溢价率计算公式，以及涉及的交易成本和执行风险,1.0,0.2,1.0,1.0,0.6,0.96,0.8935,1.0,1.0,29957.1831,12548.0727,107536.0458,150044.3419,True,[]
chunking,before,递归切块,5,1,分三批建仓后股价连续下跌时，投资者如何执行计划并避免突破仓位和止损限制,分批建仓后股价持续下跌时的交易执行策略与仓位止损管控,1.0,0.2,1.0,1.0,0.5,0.6364,0.8294,1.0,1.0,27769.8991,11661.4406,151874.1287,191308.3332,True,[]
chunking,after,Docling切块,5,1,分三批建仓后股价连续下跌时，投资者如何执行计划并避免突破仓位和止损限制,分批建仓后股价持续下跌时的交易执行策略与仓位止损管控,1.0,0.2,1.0,1.0,0.3333,0.6364,0.9423,0.7,0.0,16629.9207,7351.314,118193.3371,142174.9705,True,[]
chunking,after,Docling切块,5,2,可转债出现负溢价时如何完成转股套利，为什么理论上有价差仍可能亏损,可转债负溢价转股套利操作及亏损风险原因,1.0,0.2,1.0,1.0,0.6667,1.0,0.8869,1.0,1.0,22044.8692,6844.7645,96263.1478,125153.5893,True,[]
chunking,before,递归切块,5,2,可转债出现负溢价时如何完成转股套利，为什么理论上有价差仍可能亏损,可转债负溢价转股套利操作及亏损风险原因,1.0,0.2,1.0,1.0,0.8333,1.0,0.8833,0.7556,1.0,30383.1389,6354.3099,93078.1729,129819.1486,True,[]
chunking,before,递归切块,5,3,如何为长期基金定投制定一个同时兼顾现金流、基金选择、投入调整和退出条件的方案,长期基金定投策略 现金流规划 基金筛选 动态调仓 止盈止损退出机制,1.0,0.2,1.0,1.0,0.4286,0.8269,0.868,1.0,1.0,29989.6099,12022.6046,134931.3289,176945.4185,True,[]
chunking,after,Docling切块,5,3,如何为长期基金定投制定一个同时兼顾现金流、基金选择、投入调整和退出条件的方案,长期基金定投策略 现金流规划 基金筛选 动态调仓 止盈止损退出机制,1.0,0.2,1.0,1.0,0.0,0.7727,0.0,0.5,0.0,15787.011,10823.3713,99500.8683,126111.9643,True,[]
chunking,after,Docling切块,5,4,股票新手从开户到首次建仓，需要遵守哪些资格、交易、仓位和止损规则,新手股票开户及建仓的资格要求、交易规则、仓位管理和止损策略,1.0,0.2,1.0,1.0,0.3333,1.0,0.8913,1.0,0.0,15458.4153,9800.1843,104855.7346,130114.7534,True,[]
chunking,before,递归切块,5,4,股票新手从开户到首次建仓，需要遵守哪些资格、交易、仓位和止损规则,新手股票开户及建仓的资格要求、交易规则、仓位管理和止损策略,1.0,0.2,1.0,1.0,0.6667,1.0,0.8913,0.5833,0.6667,26009.6738,7488.0244,87224.1785,120723.2409,True,[]
chunking,before,递归切块,5,5,个人养老金从缴费、购买产品、账户内转换到最终领取，各阶段分别有哪些金额、风险和税务规则,个人养老金缴费、投资、转换、领取各阶段金额限制、风险与税务规则,1.0,0.2,1.0,1.0,1.0,1.0,0.46,0.6792,1.0,28066.6257,12871.9403,116329.852,157271.832,True,[]
chunking,after,Docling切块,5,5,个人养老金从缴费、购买产品、账户内转换到最终领取，各阶段分别有哪些金额、风险和税务规则,个人养老金缴费、投资、转换、领取各阶段金额限制、风险与税务规则,1.0,0.2,1.0,1.0,0.6667,0.8519,0.0,0.95,0.75,15811.5289,10094.1106,78288.0322,104194.5662,True,[]
retrieval,before,纯向量检索,1,1,分三批建仓后股价连续下跌时，投资者如何执行计划并避免突破仓位和止损限制,分批建仓后股价持续下跌时的交易执行策略与仓位止损管控,1.0,0.2,1.0,1.0,0.3333,0.8,0.0,0.7556,0.0,16943.0694,3266.2023,80958.0805,101167.7624,True,[]
retrieval,after,混合检索,1,1,分三批建仓后股价连续下跌时，投资者如何执行计划并避免突破仓位和止损限制,分批建仓后股价持续下跌时的交易执行策略与仓位止损管控,1.0,0.2,1.0,1.0,0.3333,0.6,0.9229,0.7,0.5,17083.3696,9215.58,115821.2359,142120.5781,True,[]
retrieval,after,混合检索,1,2,可转债出现负溢价时如何完成转股套利，为什么理论上有价差仍可能亏损,可转债负溢价转股套利操作及亏损风险原因,1.0,0.2,1.0,1.0,0.6667,1.0,0.3878,0.7,1.0,19210.6768,6641.3781,87293.4365,113146.2468,True,[]
retrieval,before,纯向量检索,1,2,可转债出现负溢价时如何完成转股套利，为什么理论上有价差仍可能亏损,可转债负溢价转股套利操作及亏损风险原因,1.0,0.2,1.0,1.0,0.6667,1.0,0.9167,1.0,1.0,21685.5574,5840.6762,63144.5459,90671.5407,True,[]
retrieval,before,纯向量检索,1,3,如何为长期基金定投制定一个同时兼顾现金流、基金选择、投入调整和退出条件的方案,长期基金定投策略 现金流规划 基金筛选 动态调仓 止盈止损退出机制,1.0,0.2,1.0,1.0,0.0,0.5217,0.0,0.5833,0.0,16906.9499,11815.3172,111298.3784,140021.2216,True,[]
retrieval,after,混合检索,1,3,如何为长期基金定投制定一个同时兼顾现金流、基金选择、投入调整和退出条件的方案,长期基金定投策略 现金流规划 基金筛选 动态调仓 止盈止损退出机制,1.0,0.2,1.0,1.0,0.0,0.8462,0.0,0.0,0.0,16188.6138,6793.6368,105139.3199,128122.0791,True,[]
retrieval,after,混合检索,1,4,跨境ETF为什么可能出现较大折溢价，它的交易制度与普通A股ETF有什么不同,跨境ETF折溢价成因及其与A股ETF交易制度差异,1.0,0.2,1.0,1.0,0.75,0.9231,0.9525,0.7556,1.0,18652.7441,4344.9554,95345.3462,118345.1684,True,[]
retrieval,before,纯向量检索,1,4,跨境ETF为什么可能出现较大折溢价，它的交易制度与普通A股ETF有什么不同,跨境ETF折溢价成因及其与A股ETF交易制度差异,1.0,0.2,1.0,1.0,0.75,0.7273,0.9609,0.7556,1.0,21759.6432,4520.1721,102587.0001,128867.9019,True,[]
retrieval,before,纯向量检索,1,5,普通投资者准备参与ETF交易并考虑折价套利，需要分别了解哪些交易规则、一级市场门槛、操作步骤和成本风险,普通投资者参与ETF折价套利需了解的交易规则、一级市场申赎门槛、操作流程与成本风险,1.0,0.2,1.0,1.0,0.6667,0.9091,0.8187,0.8667,0.6667,22551.2269,12189.1089,128964.7245,163706.1707,True,[]
retrieval,after,混合检索,1,5,普通投资者准备参与ETF交易并考虑折价套利，需要分别了解哪些交易规则、一级市场门槛、操作步骤和成本风险,普通投资者参与ETF折价套利需了解的交易规则、一级市场申赎门槛、操作流程与成本风险,1.0,0.2,1.0,1.0,0.6667,0.9333,0.5817,1.0,0.6667,22828.988,10383.5576,112703.2773,145916.8817,True,[]
retrieval,after,混合检索,2,1,市场连续下跌时，基金定投者应如何结合适用市场、估值、均线和止损误区决定继续、加码或停止,市场下跌时基金定投结合估值、均线及止损误区调整继续、加码或停止的策略,1.0,0.2,1.0,1.0,0.6,0.9,0.8181,0.6389,0.5,15127.946,8665.768,90046.173,113840.7245,True,[]
retrieval,before,纯向量检索,2,1,市场连续下跌时，基金定投者应如何结合适用市场、估值、均线和止损误区决定继续、加码或停止,市场下跌时基金定投结合估值、均线及止损误区调整继续、加码或停止的策略,1.0,0.2,1.0,1.0,0.6,0.8235,0.8532,1.0,0.5,15280.773,10231.3422,90151.7314,115664.6274,True,[]
retrieval,before,纯向量检索,2,2,可转债出现负溢价时如何完成转股套利，为什么理论上有价差仍可能亏损,可转债负溢价转股套利操作及亏损风险原因,1.0,0.2,1.0,1.0,0.6667,1.0,0.8869,1.0,1.0,25834.9669,5831.5248,62138.6952,93806.985,True,[]
retrieval,after,混合检索,2,2,可转债出现负溢价时如何完成转股套利，为什么理论上有价差仍可能亏损,可转债负溢价转股套利操作及亏损风险原因,1.0,0.2,1.0,1.0,0.6667,1.0,0.9505,1.0,0.6667,21379.6897,5389.795,73506.105,100281.2646,True,[]
retrieval,after,混合检索,2,3,更换个人养老金资金账户开户银行时，需要先处理哪些资产，哪些账户会变化，这是否属于提前领取,个人养老金资金账户更换开户银行前需处理的资产、账户变化及是否算提前领取,1.0,0.2,1.0,1.0,0.5,1.0,0.7385,1.0,0.75,19456.8252,6292.2814,72351.7496,98101.919,True,[]
retrieval,before,纯向量检索,2,3,更换个人养老金资金账户开户银行时，需要先处理哪些资产，哪些账户会变化，这是否属于提前领取,个人养老金资金账户更换开户银行前需处理的资产、账户变化及是否算提前领取,1.0,0.2,1.0,1.0,0.5,0.7857,0.7735,1.0,0.6667,19122.5823,8601.1672,83712.8368,111439.7654,True,[]
retrieval,before,纯向量检索,2,4,股票新手从开户到首次建仓，需要遵守哪些资格、交易、仓位和止损规则,新手股票开户及建仓的资格要求、交易规则、仓位管理和止损策略,1.0,0.2,1.0,1.0,0.3333,1.0,0.8913,1.0,0.0,18132.7385,5946.4947,82541.9748,106622.1325,True,[]
retrieval,after,混合检索,2,4,股票新手从开户到首次建仓，需要遵守哪些资格、交易、仓位和止损规则,新手股票开户及建仓的资格要求、交易规则、仓位管理和止损策略,1.0,0.2,1.0,1.0,0.3333,0.9565,0.0,1.0,0.0,17795.8643,5092.7451,91723.523,114612.5661,True,[]
retrieval,after,混合检索,2,5,跨境ETF为什么可能出现较大折溢价，它的交易制度与普通A股ETF有什么不同,跨境ETF折溢价成因及其与A股ETF交易制度差异,1.0,0.2,1.0,1.0,0.75,0.6154,0.9501,0.7556,1.0,23686.9944,5457.7604,83353.4152,112499.6674,True,[]
retrieval,before,纯向量检索,2,5,跨境ETF为什么可能出现较大折溢价，它的交易制度与普通A股ETF有什么不同,跨境ETF折溢价成因及其与A股ETF交易制度差异,1.0,0.2,1.0,1.0,0.75,1.0,0.5785,0.7556,1.0,19268.5942,6524.7499,75166.2469,100961.1691,True,[]
retrieval,before,纯向量检索,3,1,跨境ETF为什么可能出现较大折溢价，它的交易制度与普通A股ETF有什么不同,跨境ETF折溢价成因及其与A股ETF交易制度差异,1.0,0.2,1.0,1.0,0.75,1.0,0.9569,0.7556,1.0,21800.7646,4724.3841,82030.0273,108556.2939,True,[]
retrieval,after,混合检索,3,1,跨境ETF为什么可能出现较大折溢价，它的交易制度与普通A股ETF有什么不同,跨境ETF折溢价成因及其与A股ETF交易制度差异,1.0,0.2,1.0,1.0,0.75,0.9333,0.5432,0.7556,1.0,21737.0985,8031.0766,105134.4561,134903.5137,True,[]
retrieval,after,混合检索,3,2,普通投资者准备参与ETF交易并考虑折价套利，需要分别了解哪些交易规则、一级市场门槛、操作步骤和成本风险,普通投资者参与ETF折价套利需了解的交易规则、一级市场申赎门槛、操作流程与成本风险,1.0,0.2,1.0,1.0,0.6667,0.9565,0.8195,1.0,0.6667,22233.2103,13103.1613,87674.2982,123011.7199,True,[]
retrieval,before,纯向量检索,3,2,普通投资者准备参与ETF交易并考虑折价套利，需要分别了解哪些交易规则、一级市场门槛、操作步骤和成本风险,普通投资者参与ETF折价套利需了解的交易规则、一级市场申赎门槛、操作流程与成本风险,1.0,0.2,1.0,1.0,0.6667,0.9615,0.8202,1.0,0.6667,24493.4338,10627.4852,141200.7729,176324.7024,True,[]
retrieval,before,纯向量检索,3,3,可转债出现负溢价时如何完成转股套利，为什么理论上有价差仍可能亏损,可转债负溢价转股套利操作及亏损风险原因,1.0,0.2,1.0,1.0,0.6667,0.9,0.8718,0.7,1.0,20094.9911,7632.5583,69191.7039,96920.0543,True,[]
retrieval,after,混合检索,3,3,可转债出现负溢价时如何完成转股套利，为什么理论上有价差仍可能亏损,可转债负溢价转股套利操作及亏损风险原因,1.0,0.2,1.0,1.0,0.6667,1.0,0.4035,1.0,0.6667,19219.7632,7646.776,115471.1909,142338.7742,True,[]
retrieval,after,混合检索,3,4,股票新手从开户到首次建仓，需要遵守哪些资格、交易、仓位和止损规则,新手股票开户及建仓的资格要求、交易规则、仓位管理和止损策略,1.0,0.2,1.0,1.0,0.3333,1.0,0.0,1.0,0.0,15250.4024,4241.6212,86591.3848,106083.9132,True,[]
retrieval,before,纯向量检索,3,4,股票新手从开户到首次建仓，需要遵守哪些资格、交易、仓位和止损规则,新手股票开户及建仓的资格要求、交易规则、仓位管理和止损策略,1.0,0.2,1.0,1.0,0.3333,1.0,0.8898,1.0,0.0,14892.8725,12139.722,126060.9094,153093.9024,True,[]
retrieval,before,纯向量检索,3,5,投资者申购可转债后，从申购、缴款到上市期间有哪些关键时间点，弃购又会产生什么限制,可转债申购缴款上市关键时间节点及弃购限制,1.0,0.2,1.0,1.0,0.8333,1.0,0.8518,1.0,1.0,20214.8509,6760.49,81171.0996,108148.2305,True,[]
retrieval,after,混合检索,3,5,投资者申购可转债后，从申购、缴款到上市期间有哪些关键时间点，弃购又会产生什么限制,可转债申购缴款上市关键时间节点及弃购限制,1.0,0.2,1.0,1.0,0.8333,1.0,0.7751,1.0,1.0,18969.7529,6402.385,87917.8582,113290.7116,True,[]
retrieval,after,混合检索,4,1,如何为长期基金定投制定一个同时兼顾现金流、基金选择、投入调整和退出条件的方案,长期基金定投策略 现金流规划 基金筛选 动态调仓 止盈止损退出机制,1.0,0.2,1.0,1.0,0.0,0.75,0.0,0.5,0.0,15955.8959,10079.8243,110578.6228,136615.9788,True,[]
retrieval,before,纯向量检索,4,1,如何为长期基金定投制定一个同时兼顾现金流、基金选择、投入调整和退出条件的方案,长期基金定投策略 现金流规划 基金筛选 动态调仓 止盈止损退出机制,1.0,0.2,1.0,1.0,0.0,0.7333,0.7657,0.5833,0.0,16147.0482,10706.5598,115642.4554,142496.6168,True,[]
retrieval,before,纯向量检索,4,2,更换个人养老金资金账户开户银行时，需要先处理哪些资产，哪些账户会变化，这是否属于提前领取,个人养老金资金账户更换开户银行前需处理的资产、账户变化及是否算提前领取,1.0,0.2,1.0,1.0,0.5,0.9,0.7464,1.0,0.75,16437.9127,6340.3441,108560.681,131340.0681,True,[]
retrieval,after,混合检索,4,2,更换个人养老金资金账户开户银行时，需要先处理哪些资产，哪些账户会变化，这是否属于提前领取,个人养老金资金账户更换开户银行前需处理的资产、账户变化及是否算提前领取,1.0,0.2,1.0,1.0,0.5,0.875,0.7497,1.0,0.6667,17444.9328,17964.3393,106525.9208,141937.929,True,[]
retrieval,after,混合检索,4,3,投资者申购可转债后，从申购、缴款到上市期间有哪些关键时间点，弃购又会产生什么限制,可转债申购缴款上市关键时间节点及弃购限制,1.0,0.2,1.0,1.0,0.8333,1.0,0.885,1.0,1.0,22504.6218,6847.005,64933.4976,94286.7991,True,[]
retrieval,before,纯向量检索,4,3,投资者申购可转债后，从申购、缴款到上市期间有哪些关键时间点，弃购又会产生什么限制,可转债申购缴款上市关键时间节点及弃购限制,1.0,0.2,1.0,1.0,0.8333,0.9,0.8065,1.0,1.0,21853.5751,6193.8217,67840.5768,95889.7662,True,[]
retrieval,before,纯向量检索,4,4,个人养老金从缴费、购买产品、账户内转换到最终领取，各阶段分别有哪些金额、风险和税务规则,个人养老金缴费、投资、转换、领取各阶段金额限制、风险与税务规则,1.0,0.2,1.0,1.0,0.6667,0.92,0.7518,0.95,0.75,16378.0466,9607.7352,139746.2855,165733.4071,True,[]
retrieval,after,混合检索,4,4,个人养老金从缴费、购买产品、账户内转换到最终领取，各阶段分别有哪些金额、风险和税务规则,个人养老金缴费、投资、转换、领取各阶段金额限制、风险与税务规则,1.0,0.2,1.0,1.0,0.6667,1.0,0.7518,0.95,0.75,20715.6899,10011.024,94108.6504,124836.4602,True,[]
retrieval,after,混合检索,4,5,判断一只ETF是否值得进行溢价套利，需要查看什么参考净值、如何计算溢价率，并考虑哪些交易成本和执行风险,如何判断ETF溢价套利机会，需查看的参考净值与IOPV、溢价率计算公式，以及涉及的交易成本和执行风险,1.0,0.2,1.0,1.0,0.4,0.9615,0.8832,1.0,0.6667,23372.5812,15710.5945,103453.9052,142542.7612,True,[]
retrieval,before,纯向量检索,4,5,判断一只ETF是否值得进行溢价套利，需要查看什么参考净值、如何计算溢价率，并考虑哪些交易成本和执行风险,如何判断ETF溢价套利机会，需查看的参考净值与IOPV、溢价率计算公式，以及涉及的交易成本和执行风险,1.0,0.2,1.0,1.0,0.4,0.8889,0.5712,1.0,0.6667,23098.7574,7393.8996,93813.1332,124306.6206,True,[]
retrieval,before,纯向量检索,5,1,分三批建仓后股价连续下跌时，投资者如何执行计划并避免突破仓位和止损限制,分批建仓后股价持续下跌时的交易执行策略与仓位止损管控,1.0,0.2,1.0,1.0,0.3333,0.4286,0.8646,0.7556,0.0,20579.9901,9709.2601,126160.8973,156454.6472,True,[]
retrieval,after,混合检索,5,1,分三批建仓后股价连续下跌时，投资者如何执行计划并避免突破仓位和止损限制,分批建仓后股价持续下跌时的交易执行策略与仓位止损管控,1.0,0.2,1.0,1.0,0.3333,0.7143,0.0,0.7,0.6667,20472.2689,17717.922,146526.0267,184716.7342,True,[]
retrieval,after,混合检索,5,2,可转债出现负溢价时如何完成转股套利，为什么理论上有价差仍可能亏损,可转债负溢价转股套利操作及亏损风险原因,1.0,0.2,1.0,1.0,0.6667,1.0,0.9158,0.7556,1.0,20245.2297,5597.2044,62572.441,88416.2578,True,[]
retrieval,before,纯向量检索,5,2,可转债出现负溢价时如何完成转股套利，为什么理论上有价差仍可能亏损,可转债负溢价转股套利操作及亏损风险原因,1.0,0.2,1.0,1.0,0.6667,1.0,0.9177,1.0,0.3333,21965.0415,4707.9442,59938.4401,86612.3598,True,[]
retrieval,before,纯向量检索,5,3,如何为长期基金定投制定一个同时兼顾现金流、基金选择、投入调整和退出条件的方案,长期基金定投策略 现金流规划 基金筛选 动态调仓 止盈止损退出机制,1.0,0.2,1.0,1.0,0.0,0.9167,0.0,0.5,0.0,18949.9945,8422.0646,88822.5464,116195.2351,True,[]
retrieval,after,混合检索,5,3,如何为长期基金定投制定一个同时兼顾现金流、基金选择、投入调整和退出条件的方案,长期基金定投策略 现金流规划 基金筛选 动态调仓 止盈止损退出机制,1.0,0.2,1.0,1.0,0.0,0.7179,0.7633,0.5833,0.0,19068.3644,9443.5337,139415.6042,167928.2246,True,[]
retrieval,after,混合检索,5,4,股票新手从开户到首次建仓，需要遵守哪些资格、交易、仓位和止损规则,新手股票开户及建仓的资格要求、交易规则、仓位管理和止损策略,1.0,0.2,1.0,1.0,0.3333,0.95,0.8913,0.8333,0.0,19276.8629,12647.1317,106302.7143,138227.6291,True,[]
retrieval,before,纯向量检索,5,4,股票新手从开户到首次建仓，需要遵守哪些资格、交易、仓位和止损规则,新手股票开户及建仓的资格要求、交易规则、仓位管理和止损策略,1.0,0.2,1.0,1.0,0.3333,0.9091,0.7449,1.0,0.0,17769.9981,7775.6212,111340.0933,136886.192,True,[]
retrieval,before,纯向量检索,5,5,个人养老金从缴费、购买产品、账户内转换到最终领取，各阶段分别有哪些金额、风险和税务规则,个人养老金缴费、投资、转换、领取各阶段金额限制、风险与税务规则,1.0,0.2,1.0,1.0,0.6667,0.8571,0.7284,0.95,0.75,19199.7146,7547.4467,105219.9046,131968.2071,True,[]
retrieval,after,混合检索,5,5,个人养老金从缴费、购买产品、账户内转换到最终领取，各阶段分别有哪些金额、风险和税务规则,个人养老金缴费、投资、转换、领取各阶段金额限制、风险与税务规则,1.0,0.2,1.0,1.0,0.6667,1.0,0.0,0.7556,0.75,19075.831,9966.5817,120077.5096,149123.214,True,[]
