arm,query,related_docs,difficulty,test_type,response,errors,faithfulness,answer_relevancy,context_precision,context_recall,answer_correctness,context_entity_recall,hit_rate,mrr,ndcg,composite_score,retrieval_latency_ms,generation_latency_ms
dynamic_k_off,《上海证券交易所交易规则（2026年修订）》（2026年7月6日起施行）第（四）项规定的是哪些交易行为？,上海证券交易所交易规则（2026年修订）【2026年7月6日起施行】.pdf,medium,standard,"根据检索内容，第（四）项规定的交易行为是：**单个账户、自己实际控制的账户之间或者涉嫌关联账户之间大量或者频繁进行自买自卖、互为对手方的交易或者反向交易** [2]。

引用来源：[2]",[],0.6667,0.7378,0.5,,,,1.0,1.0,2.9485,0.7164,40666.5915,18859.7727
dynamic_k_off,根据客户适当性管理业务规则，最低门槛的具体要求是什么？,客户适当性管理业务规则.md,medium,standard,"根据《客户适当性管理业务规则》中“匹配原则”的规定，最低门槛的具体要求为：

- **R4及以上产品**：仅向 **C4及以上** 客户销售 [2]
- **R5产品**：仅向 **C5客户** 及 **专业投资者** 销售 [2]

此外，匹配原则还要求产品风险等级 ≤ 客户风险承受能力等级方可销售；若客户风险等级低于产品风险等级，原则上不得销售，除非符合“风险警示后购买”条件 [2]。  
引用来源：[2]",[],1.0,0.9556,0.5,,,,1.0,1.0,2.4485,0.897,21967.7153,10925.5447
dynamic_k_off,北银理财春系列高远日日盈1号理财产品YJ01250701H产品说明书中第五部分的标题是什么？,北银理财春系列高远日日盈1号理财产品YJ01250701H产品说明书.pdf,medium,standard,现有知识库中暂未检索到“北银理财春系列高远日日盈1号理财产品YJ01250701H产品说明书”第五部分的具体标题。检索内容中仅显示“一、重要须知”和“二、释义”等部分标题[1]，未包含第五部分标题。,[],0.6667,0.0,0.0,,,,1.0,1.0,2.4485,0.4243,31910.1671,14297.4561
dynamic_k_on,《上海证券交易所交易规则（2026年修订）》（2026年7月6日起施行）第（四）项规定的是哪些交易行为？,上海证券交易所交易规则（2026年修订）【2026年7月6日起施行】.pdf,medium,standard,"根据《上海证券交易所交易规则（2026年修订）》第七章“证券交易监督”第7.1条，本所对证券交易中的下列事项予以重点监控，其中第（四）项规定的交易行为是：

**单个账户、自己实际控制的账户之间或者涉嫌关联账户之间大量或者频繁进行自买自卖、互为对手方的交易或者反向交易** [2][20]。

此外，检索内容中其他条款亦存在“第（四）项”，但与上述“交易行为”直接相关的主要为第七章第7.1条第（四）项。例如：
- 第3.6.1条大宗交易方式中的第（四）项为“本所认可的其他大宗交易申报”[1]；
- 异常波动/严重异常波动认定中的第（四）项为“证监会或者本所认定属于严重异常波动的其他情形”[16][19]。

**引用来源**：[2][20]（核心答案）；[1][16][19]（其他条款参照说明）",[],0.3809,0.9265,0.5,,,,1.0,1.0,2.9485,0.6639,62088.8564,26935.5744
dynamic_k_on,根据客户适当性管理业务规则，最低门槛的具体要求是什么？,客户适当性管理业务规则.md,medium,standard,,[],0.0,0.0,0.5,,,,1.0,1.0,2.9485,0.2727,23891.7956,4367.4064
dynamic_k_on,北银理财春系列高远日日盈1号理财产品YJ01250701H产品说明书中第五部分的标题是什么？,北银理财春系列高远日日盈1号理财产品YJ01250701H产品说明书.pdf,medium,standard,"现有知识库中暂未检索到该产品说明书**第五部分的标题**。检索内容中可直接确认的章节标题包括：

- 第一、二、三部分分别为“重要须知”“释义”“产品概况和基本要素”[1][2]
- 第六部分为“产品的申购和赎回”[1]
- 第八部分为“产品的终止与清算”[12]
- 第九部分为“产品的费用”[14]

但未直接披露第五部分标题。",[],1.0,0.0,0.0556,,,,1.0,1.0,2.0616,0.5556,63534.8942,50837.0507
